onset	duration	trial_type	value	sample	token	EEG_trigger_start	EEG_trigger_end	stim_file
151.6906	10	clicks_low	0	1516906	0	1	2	clicks_low/clicks_low_000_regress.hdf5
161.7602	10	clicks_high	2	1617602	0	1	2	clicks_high/clicks_high_000_regress.hdf5
171.8511	10	clicks_mid	1	1718511	0	1	2	clicks_mid/clicks_mid_000_regress.hdf5
181.8993	10	clicks_high	2	1818993	1	1	2	clicks_high/clicks_high_001_regress.hdf5
191.9689	10	clicks_low	0	1919689	1	1	2	clicks_low/clicks_low_001_regress.hdf5
202.0385	10	clicks_mid	1	2020385	1	1	2	clicks_mid/clicks_mid_001_regress.hdf5
212.1295	10	clicks_high	2	2121295	2	1	2	clicks_high/clicks_high_002_regress.hdf5
222.199	10	clicks_low	0	2221990	2	1	2	clicks_low/clicks_low_002_regress.hdf5
232.2473	10	clicks_mid	1	2322473	2	1	2	clicks_mid/clicks_mid_002_regress.hdf5
242.3169	10	clicks_low	0	2423169	3	1	2	clicks_low/clicks_low_003_regress.hdf5
252.3865	10	clicks_mid	1	2523865	3	1	2	clicks_mid/clicks_mid_003_regress.hdf5
262.4561	10	clicks_high	2	2624561	3	1	2	clicks_high/clicks_high_003_regress.hdf5
272.5257	10	clicks_high	2	2725257	4	1	2	clicks_high/clicks_high_004_regress.hdf5
282.5953	10	clicks_mid	1	2825953	4	1	2	clicks_mid/clicks_mid_004_regress.hdf5
292.6649	10	clicks_low	0	2926649	4	1	2	clicks_low/clicks_low_004_regress.hdf5
302.7345	10	clicks_high	2	3027345	5	1	2	clicks_high/clicks_high_005_regress.hdf5
312.7827	10	clicks_mid	1	3127827	5	1	2	clicks_mid/clicks_mid_005_regress.hdf5
322.8523	10	clicks_low	0	3228523	5	1	2	clicks_low/clicks_low_005_regress.hdf5
332.9219	10	clicks_mid	1	3329219	6	1	2	clicks_mid/clicks_mid_006_regress.hdf5
342.9915	10	clicks_high	2	3429915	6	1	2	clicks_high/clicks_high_006_regress.hdf5
353.0611	10	clicks_low	0	3530611	6	1	2	clicks_low/clicks_low_006_regress.hdf5
363.1307	10	clicks_low	0	3631307	7	1	2	clicks_low/clicks_low_007_regress.hdf5
373.2003	10	clicks_high	2	3732003	7	1	2	clicks_high/clicks_high_007_regress.hdf5
383.2699	10	clicks_mid	1	3832699	7	1	2	clicks_mid/clicks_mid_007_regress.hdf5
393.3394	10	clicks_mid	1	3933394	8	1	2	clicks_mid/clicks_mid_008_regress.hdf5
403.409	10	clicks_high	2	4034090	8	1	2	clicks_high/clicks_high_008_regress.hdf5
413.4573	10	clicks_low	0	4134573	8	1	2	clicks_low/clicks_low_008_regress.hdf5
423.5269	10	clicks_high	2	4235269	9	1	2	clicks_high/clicks_high_009_regress.hdf5
433.6178	10	clicks_mid	1	4336178	9	1	2	clicks_mid/clicks_mid_009_regress.hdf5
443.6661	10	clicks_low	0	4436661	9	1	2	clicks_low/clicks_low_009_regress.hdf5
453.7357	10	clicks_mid	1	4537357	10	1	2	clicks_mid/clicks_mid_010_regress.hdf5
463.8053	10	clicks_high	2	4638053	10	1	2	clicks_high/clicks_high_010_regress.hdf5
473.8748	10	clicks_low	0	4738748	10	1	2	clicks_low/clicks_low_010_regress.hdf5
483.9444	10	clicks_low	0	4839444	11	1	2	clicks_low/clicks_low_011_regress.hdf5
493.9927	10	clicks_mid	1	4939927	11	1	2	clicks_mid/clicks_mid_011_regress.hdf5
504.0623	10	clicks_high	2	5040623	11	1	2	clicks_high/clicks_high_011_regress.hdf5
514.1319	10	clicks_low	0	5141319	12	1	2	clicks_low/clicks_low_012_regress.hdf5
524.2015	10	clicks_mid	1	5242015	12	1	2	clicks_mid/clicks_mid_012_regress.hdf5
534.2711	10	clicks_high	2	5342711	12	1	2	clicks_high/clicks_high_012_regress.hdf5
544.3407	10	clicks_high	2	5443407	13	1	2	clicks_high/clicks_high_013_regress.hdf5
554.4102	10	clicks_mid	1	5544102	13	1	2	clicks_mid/clicks_mid_013_regress.hdf5
564.4585	10	clicks_low	0	5644585	13	1	2	clicks_low/clicks_low_013_regress.hdf5
574.5281	10	clicks_low	0	5745281	14	1	2	clicks_low/clicks_low_014_regress.hdf5
584.5977	10	clicks_high	2	5845977	14	1	2	clicks_high/clicks_high_014_regress.hdf5
594.6673	10	clicks_mid	1	5946673	14	1	2	clicks_mid/clicks_mid_014_regress.hdf5
604.7369	10	clicks_mid	1	6047369	15	1	2	clicks_mid/clicks_mid_015_regress.hdf5
614.7851	10	clicks_high	2	6147851	15	1	2	clicks_high/clicks_high_015_regress.hdf5
624.8761	10	clicks_low	0	6248761	15	1	2	clicks_low/clicks_low_015_regress.hdf5
634.9456	10	clicks_mid	1	6349456	16	1	2	clicks_mid/clicks_mid_016_regress.hdf5
645.0152	10	clicks_low	0	6450152	16	1	2	clicks_low/clicks_low_016_regress.hdf5
655.0848	10	clicks_high	2	6550848	16	1	2	clicks_high/clicks_high_016_regress.hdf5
665.1331	10	clicks_high	2	6651331	17	1	2	clicks_high/clicks_high_017_regress.hdf5
675.2027	10	clicks_low	0	6752027	17	1	2	clicks_low/clicks_low_017_regress.hdf5
685.2723	10	clicks_mid	1	6852723	17	1	2	clicks_mid/clicks_mid_017_regress.hdf5
695.3419	10	clicks_low	0	6953419	18	1	2	clicks_low/clicks_low_018_regress.hdf5
705.4114	10	clicks_high	2	7054114	18	1	2	clicks_high/clicks_high_018_regress.hdf5
715.481	10	clicks_mid	1	7154810	18	1	2	clicks_mid/clicks_mid_018_regress.hdf5
725.5293	10	clicks_low	0	7255293	19	1	2	clicks_low/clicks_low_019_regress.hdf5
735.5989	10	clicks_mid	1	7355989	19	1	2	clicks_mid/clicks_mid_019_regress.hdf5
745.6685	10	clicks_high	2	7456685	19	1	2	clicks_high/clicks_high_019_regress.hdf5
755.7381	10	clicks_low	0	7557381	20	1	2	clicks_low/clicks_low_020_regress.hdf5
765.8077	10	clicks_high	2	7658077	20	1	2	clicks_high/clicks_high_020_regress.hdf5
775.8772	10	clicks_mid	1	7758772	20	1	2	clicks_mid/clicks_mid_020_regress.hdf5
785.9468	10	clicks_high	2	7859468	21	1	2	clicks_high/clicks_high_021_regress.hdf5
795.9951	10	clicks_mid	1	7959951	21	1	2	clicks_mid/clicks_mid_021_regress.hdf5
806.0647	10	clicks_low	0	8060647	21	1	2	clicks_low/clicks_low_021_regress.hdf5
816.1343	10	clicks_mid	1	8161343	22	1	2	clicks_mid/clicks_mid_022_regress.hdf5
826.2039	10	clicks_high	2	8262039	22	1	2	clicks_high/clicks_high_022_regress.hdf5
836.2735	10	clicks_low	0	8362735	22	1	2	clicks_low/clicks_low_022_regress.hdf5
846.343	10	clicks_high	2	8463430	23	1	2	clicks_high/clicks_high_023_regress.hdf5
856.4126	10	clicks_low	0	8564126	23	1	2	clicks_low/clicks_low_023_regress.hdf5
866.4822	10	clicks_mid	1	8664822	23	1	2	clicks_mid/clicks_mid_023_regress.hdf5
876.5305	10	clicks_high	2	8765305	24	1	2	clicks_high/clicks_high_024_regress.hdf5
886.6001	10	clicks_mid	1	8866001	24	1	2	clicks_mid/clicks_mid_024_regress.hdf5
896.6697	10	clicks_low	0	8966697	24	1	2	clicks_low/clicks_low_024_regress.hdf5
906.7393	10	clicks_mid	1	9067393	25	1	2	clicks_mid/clicks_mid_025_regress.hdf5
916.8088	10	clicks_low	0	9168088	25	1	2	clicks_low/clicks_low_025_regress.hdf5
926.8571	10	clicks_high	2	9268571	25	1	2	clicks_high/clicks_high_025_regress.hdf5
936.9267	10	clicks_low	0	9369267	26	1	2	clicks_low/clicks_low_026_regress.hdf5
946.9963	10	clicks_mid	1	9469963	26	1	2	clicks_mid/clicks_mid_026_regress.hdf5
957.0659	10	clicks_high	2	9570659	26	1	2	clicks_high/clicks_high_026_regress.hdf5
967.1355	10	clicks_mid	1	9671355	27	1	2	clicks_mid/clicks_mid_027_regress.hdf5
977.205	10	clicks_high	2	9772050	27	1	2	clicks_high/clicks_high_027_regress.hdf5
987.2746	10	clicks_low	0	9872746	27	1	2	clicks_low/clicks_low_027_regress.hdf5
997.3442	10	clicks_low	0	9973442	28	1	2	clicks_low/clicks_low_028_regress.hdf5
1007.4138	10	clicks_high	2	10074138	28	1	2	clicks_high/clicks_high_028_regress.hdf5
1017.4834	10	clicks_mid	1	10174834	28	1	2	clicks_mid/clicks_mid_028_regress.hdf5
1027.553	10	clicks_high	2	10275530	29	1	2	clicks_high/clicks_high_029_regress.hdf5
1037.6226	10	clicks_low	0	10376226	29	1	2	clicks_low/clicks_low_029_regress.hdf5
1047.6922	10	clicks_mid	1	10476922	29	1	2	clicks_mid/clicks_mid_029_regress.hdf5
1068.7487	10	male_low	3	10687487	46	1	2	male_low/male_low_046_regress.hdf5
1078.8183	10	female_low	6	10788183	34	1	2	female_low/female_low_034_regress.hdf5
1088.8879	10	female_high	8	10888879	70	1	2	female_high/female_high_070_regress.hdf5
1098.9575	10	male_mid	4	10989575	57	1	2	male_mid/male_mid_057_regress.hdf5
1109.0271	10	female_mid	7	11090271	100	1	2	female_mid/female_mid_100_regress.hdf5
1119.0967	10	male_high	5	11190967	119	1	2	male_high/male_high_119_regress.hdf5
1129.1449	10	female_high	8	11291449	31	1	2	female_high/female_high_031_regress.hdf5
1139.2145	10	male_low	3	11392145	10	1	2	male_low/male_low_010_regress.hdf5
1149.3054	10	female_low	6	11493054	66	1	2	female_low/female_low_066_regress.hdf5
1159.375	10	male_mid	4	11593750	99	1	2	male_mid/male_mid_099_regress.hdf5
1169.4446	10	female_mid	7	11694446	55	1	2	female_mid/female_mid_055_regress.hdf5
1179.5142	10	male_high	5	11795142	108	1	2	male_high/male_high_108_regress.hdf5
1189.5838	10	male_high	5	11895838	115	1	2	male_high/male_high_115_regress.hdf5
1199.6534	10	female_high	8	11996534	37	1	2	female_high/female_high_037_regress.hdf5
1209.723	10	male_low	3	12097230	82	1	2	male_low/male_low_082_regress.hdf5
1219.7926	10	female_low	6	12197926	74	1	2	female_low/female_low_074_regress.hdf5
1229.8621	10	male_mid	4	12298621	76	1	2	male_mid/male_mid_076_regress.hdf5
1239.9317	10	female_mid	7	12399317	96	1	2	female_mid/female_mid_096_regress.hdf5
1249.98	10	female_low	6	12499800	93	1	2	female_low/female_low_093_regress.hdf5
1260.0709	10	male_low	3	12600709	118	1	2	male_low/male_low_118_regress.hdf5
1270.1405	10	female_high	8	12701405	99	1	2	female_high/female_high_099_regress.hdf5
1280.2101	10	male_high	5	12802101	9	1	2	male_high/male_high_009_regress.hdf5
1290.2584	10	male_mid	4	12902584	50	1	2	male_mid/male_mid_050_regress.hdf5
1300.3493	10	female_mid	7	13003493	74	1	2	female_mid/female_mid_074_regress.hdf5
1310.4189	10	female_high	8	13104189	91	1	2	female_high/female_high_091_regress.hdf5
1320.4885	10	male_high	5	13204885	105	1	2	male_high/male_high_105_regress.hdf5
1330.558	10	male_mid	4	13305580	66	1	2	male_mid/male_mid_066_regress.hdf5
1340.649	10	female_low	6	13406490	78	1	2	female_low/female_low_078_regress.hdf5
1350.7186	10	male_low	3	13507186	68	1	2	male_low/male_low_068_regress.hdf5
1360.7881	10	female_mid	7	13607881	54	1	2	female_mid/female_mid_054_regress.hdf5
1370.8577	10	male_mid	4	13708577	48	1	2	male_mid/male_mid_048_regress.hdf5
1380.9273	10	female_high	8	13809273	64	1	2	female_high/female_high_064_regress.hdf5
1390.9969	10	male_high	5	13909969	91	1	2	male_high/male_high_091_regress.hdf5
1401.0665	10	male_low	3	14010665	29	1	2	male_low/male_low_029_regress.hdf5
1411.1361	10	female_low	6	14111361	69	1	2	female_low/female_low_069_regress.hdf5
1421.227	10	female_mid	7	14212270	66	1	2	female_mid/female_mid_066_regress.hdf5
1431.2966	10	female_mid	7	14312966	8	1	2	female_mid/female_mid_008_regress.hdf5
1441.3662	10	female_low	6	14413662	42	1	2	female_low/female_low_042_regress.hdf5
1451.4358	10	male_low	3	14514358	70	1	2	male_low/male_low_070_regress.hdf5
1461.5054	10	male_mid	4	14615054	54	1	2	male_mid/male_mid_054_regress.hdf5
1471.575	10	male_high	5	14715750	58	1	2	male_high/male_high_058_regress.hdf5
1481.6445	10	female_high	8	14816445	40	1	2	female_high/female_high_040_regress.hdf5
1491.7141	10	male_high	5	14917141	66	1	2	male_high/male_high_066_regress.hdf5
1501.7837	10	male_mid	4	15017837	80	1	2	male_mid/male_mid_080_regress.hdf5
1511.8533	10	female_high	8	15118533	66	1	2	female_high/female_high_066_regress.hdf5
1521.9229	10	male_low	3	15219229	14	1	2	male_low/male_low_014_regress.hdf5
1531.9925	10	female_low	6	15319925	111	1	2	female_low/female_low_111_regress.hdf5
1542.0621	10	female_mid	7	15420621	97	1	2	female_mid/female_mid_097_regress.hdf5
1552.1317	10	female_low	6	15521317	36	1	2	female_low/female_low_036_regress.hdf5
1562.2226	10	female_mid	7	15622226	105	1	2	female_mid/female_mid_105_regress.hdf5
1572.2922	10	female_high	8	15722922	83	1	2	female_high/female_high_083_regress.hdf5
1582.3618	10	male_high	5	15823618	99	1	2	male_high/male_high_099_regress.hdf5
1592.4314	10	male_mid	4	15924314	88	1	2	male_mid/male_mid_088_regress.hdf5
1602.5009	10	male_low	3	16025009	17	1	2	male_low/male_low_017_regress.hdf5
1612.5705	10	male_low	3	16125705	87	1	2	male_low/male_low_087_regress.hdf5
1622.6615	10	female_mid	7	16226615	52	1	2	female_mid/female_mid_052_regress.hdf5
1632.731	10	male_high	5	16327310	62	1	2	male_high/male_high_062_regress.hdf5
1642.8006	10	female_high	8	16428006	8	1	2	female_high/female_high_008_regress.hdf5
1652.8702	10	female_low	6	16528702	54	1	2	female_low/female_low_054_regress.hdf5
1662.9398	10	male_mid	4	16629398	27	1	2	male_mid/male_mid_027_regress.hdf5
1673.0094	10	male_high	5	16730094	30	1	2	male_high/male_high_030_regress.hdf5
1683.079	10	female_high	8	16830790	69	1	2	female_high/female_high_069_regress.hdf5
1693.1486	10	male_low	3	16931486	53	1	2	male_low/male_low_053_regress.hdf5
1703.2182	10	male_mid	4	17032182	92	1	2	male_mid/male_mid_092_regress.hdf5
1713.2878	10	female_low	6	17132878	70	1	2	female_low/female_low_070_regress.hdf5
1723.3573	10	female_mid	7	17233573	94	1	2	female_mid/female_mid_094_regress.hdf5
1733.4269	10	female_mid	7	17334269	1	1	2	female_mid/female_mid_001_regress.hdf5
1743.4965	10	female_low	6	17434965	85	1	2	female_low/female_low_085_regress.hdf5
1753.5661	10	male_high	5	17535661	8	1	2	male_high/male_high_008_regress.hdf5
1763.6357	10	female_high	8	17636357	107	1	2	female_high/female_high_107_regress.hdf5
1773.7053	10	male_low	3	17737053	62	1	2	male_low/male_low_062_regress.hdf5
1783.7749	10	male_mid	4	17837749	40	1	2	male_mid/male_mid_040_regress.hdf5
1793.8445	10	female_high	8	17938445	57	1	2	female_high/female_high_057_regress.hdf5
1803.9141	10	female_low	6	18039141	116	1	2	female_low/female_low_116_regress.hdf5
1813.9836	10	male_mid	4	18139836	101	1	2	male_mid/male_mid_101_regress.hdf5
1824.0532	10	male_high	5	18240532	1	1	2	male_high/male_high_001_regress.hdf5
1834.1228	10	female_mid	7	18341228	11	1	2	female_mid/female_mid_011_regress.hdf5
1844.2137	10	male_low	3	18442137	28	1	2	male_low/male_low_028_regress.hdf5
1854.2833	10	male_high	5	18542833	61	1	2	male_high/male_high_061_regress.hdf5
1864.3529	10	male_mid	4	18643529	52	1	2	male_mid/male_mid_052_regress.hdf5
1874.4225	10	male_low	3	18744225	83	1	2	male_low/male_low_083_regress.hdf5
1884.4921	10	female_mid	7	18844921	24	1	2	female_mid/female_mid_024_regress.hdf5
1894.5617	10	female_high	8	18945617	95	1	2	female_high/female_high_095_regress.hdf5
1904.6313	10	female_low	6	19046313	1	1	2	female_low/female_low_001_regress.hdf5
1914.7009	10	female_low	6	19147009	6	1	2	female_low/female_low_006_regress.hdf5
1924.7918	10	female_high	8	19247918	88	1	2	female_high/female_high_088_regress.hdf5
1934.84	10	male_mid	4	19348400	16	1	2	male_mid/male_mid_016_regress.hdf5
1944.9096	10	female_mid	7	19449096	21	1	2	female_mid/female_mid_021_regress.hdf5
1954.9792	10	male_high	5	19549792	88	1	2	male_high/male_high_088_regress.hdf5
1965.0488	10	male_low	3	19650488	96	1	2	male_low/male_low_096_regress.hdf5
1975.1184	10	female_mid	7	19751184	89	1	2	female_mid/female_mid_089_regress.hdf5
1985.188	10	female_low	6	19851880	22	1	2	female_low/female_low_022_regress.hdf5
1995.2789	10	male_low	3	19952789	115	1	2	male_low/male_low_115_regress.hdf5
2005.3272	10	male_mid	4	20053272	47	1	2	male_mid/male_mid_047_regress.hdf5
2015.3967	10	female_high	8	20153967	85	1	2	female_high/female_high_085_regress.hdf5
2025.4877	10	male_high	5	20254877	65	1	2	male_high/male_high_065_regress.hdf5
2035.5573	10	female_high	8	20355573	62	1	2	female_high/female_high_062_regress.hdf5
2045.6055	10	male_high	5	20456055	78	1	2	male_high/male_high_078_regress.hdf5
2055.6964	10	female_mid	7	20556964	107	1	2	female_mid/female_mid_107_regress.hdf5
2065.766	10	male_mid	4	20657660	95	1	2	male_mid/male_mid_095_regress.hdf5
2075.8356	10	male_low	3	20758356	108	1	2	male_low/male_low_108_regress.hdf5
2085.9052	10	female_low	6	20859052	26	1	2	female_low/female_low_026_regress.hdf5
2095.9748	10	male_mid	4	20959748	39	1	2	male_mid/male_mid_039_regress.hdf5
2106.0444	10	female_high	8	21060444	79	1	2	female_high/female_high_079_regress.hdf5
2116.114	10	female_mid	7	21161140	92	1	2	female_mid/female_mid_092_regress.hdf5
2126.2049	10	male_low	3	21262049	23	1	2	male_low/male_low_023_regress.hdf5
2136.2745	10	female_low	6	21362745	110	1	2	female_low/female_low_110_regress.hdf5
2146.3441	10	male_high	5	21463441	79	1	2	male_high/male_high_079_regress.hdf5
2156.4136	10	female_high	8	21564136	35	1	2	female_high/female_high_035_regress.hdf5
2166.4832	10	male_mid	4	21664832	41	1	2	male_mid/male_mid_041_regress.hdf5
2176.5528	10	female_mid	7	21765528	65	1	2	female_mid/female_mid_065_regress.hdf5
2186.6224	10	male_high	5	21866224	4	1	2	male_high/male_high_004_regress.hdf5
2196.692	10	male_low	3	21966920	6	1	2	male_low/male_low_006_regress.hdf5
2206.7616	10	female_low	6	22067616	45	1	2	female_low/female_low_045_regress.hdf5
2216.8525	10	male_high	5	22168525	3	1	2	male_high/male_high_003_regress.hdf5
2226.9221	10	female_low	6	22269221	96	1	2	female_low/female_low_096_regress.hdf5
2236.9917	10	male_mid	4	22369917	83	1	2	male_mid/male_mid_083_regress.hdf5
2247.0613	10	female_mid	7	22470613	102	1	2	female_mid/female_mid_102_regress.hdf5
2257.1309	10	male_low	3	22571309	85	1	2	male_low/male_low_085_regress.hdf5
2267.2004	10	female_high	8	22672004	73	1	2	female_high/female_high_073_regress.hdf5
2277.27	10	male_high	5	22772700	93	1	2	male_high/male_high_093_regress.hdf5
2287.3396	10	female_mid	7	22873396	48	1	2	female_mid/female_mid_048_regress.hdf5
2297.4092	10	female_low	6	22974092	19	1	2	female_low/female_low_019_regress.hdf5
2307.4788	10	male_mid	4	23074788	32	1	2	male_mid/male_mid_032_regress.hdf5
2317.5484	10	male_low	3	23175484	66	1	2	male_low/male_low_066_regress.hdf5
2327.618	10	female_high	8	23276180	41	1	2	female_high/female_high_041_regress.hdf5
2337.6876	10	female_high	8	23376876	17	1	2	female_high/female_high_017_regress.hdf5
2347.7572	10	male_high	5	23477572	117	1	2	male_high/male_high_117_regress.hdf5
2357.8267	10	female_low	6	23578267	33	1	2	female_low/female_low_033_regress.hdf5
2367.8963	10	male_mid	4	23678963	43	1	2	male_mid/male_mid_043_regress.hdf5
2377.9659	10	female_mid	7	23779659	111	1	2	female_mid/female_mid_111_regress.hdf5
2388.0142	10	male_low	3	23880142	41	1	2	male_low/male_low_041_regress.hdf5
2398.1051	10	male_low	3	23981051	48	1	2	male_low/male_low_048_regress.hdf5
2408.1747	10	female_mid	7	24081747	40	1	2	female_mid/female_mid_040_regress.hdf5
2418.2443	10	male_high	5	24182443	19	1	2	male_high/male_high_019_regress.hdf5
2428.3139	10	female_high	8	24283139	34	1	2	female_high/female_high_034_regress.hdf5
2438.3834	10	female_low	6	24383834	55	1	2	female_low/female_low_055_regress.hdf5
2448.453	10	male_mid	4	24484530	82	1	2	male_mid/male_mid_082_regress.hdf5
2458.5226	10	male_mid	4	24585226	103	1	2	male_mid/male_mid_103_regress.hdf5
2468.5922	10	female_high	8	24685922	4	1	2	female_high/female_high_004_regress.hdf5
2478.6618	10	female_mid	7	24786618	70	1	2	female_mid/female_mid_070_regress.hdf5
2488.7314	10	male_high	5	24887314	15	1	2	male_high/male_high_015_regress.hdf5
2498.801	10	female_low	6	24988010	56	1	2	female_low/female_low_056_regress.hdf5
2508.8706	10	male_low	3	25088706	30	1	2	male_low/male_low_030_regress.hdf5
2518.9401	10	male_low	3	25189401	97	1	2	male_low/male_low_097_regress.hdf5
2529.0097	10	male_high	5	25290097	73	1	2	male_high/male_high_073_regress.hdf5
2539.0793	10	female_mid	7	25390793	119	1	2	female_mid/female_mid_119_regress.hdf5
2549.1489	10	female_low	6	25491489	100	1	2	female_low/female_low_100_regress.hdf5
2559.2185	10	male_mid	4	25592185	14	1	2	male_mid/male_mid_014_regress.hdf5
2569.2881	10	female_high	8	25692881	10	1	2	female_high/female_high_010_regress.hdf5
2579.379	10	male_mid	4	25793790	26	1	2	male_mid/male_mid_026_regress.hdf5
2589.4486	10	male_low	3	25894486	33	1	2	male_low/male_low_033_regress.hdf5
2599.5182	10	female_mid	7	25995182	67	1	2	female_mid/female_mid_067_regress.hdf5
2609.5878	10	male_high	5	26095878	13	1	2	male_high/male_high_013_regress.hdf5
2619.6573	10	female_high	8	26196573	74	1	2	female_high/female_high_074_regress.hdf5
2629.7269	10	female_low	6	26297269	31	1	2	female_low/female_low_031_regress.hdf5
2639.7965	10	female_mid	7	26397965	68	1	2	female_mid/female_mid_068_regress.hdf5
2649.8661	10	male_high	5	26498661	63	1	2	male_high/male_high_063_regress.hdf5
2659.9357	10	female_low	6	26599357	18	1	2	female_low/female_low_018_regress.hdf5
2670.0053	10	male_low	3	26700053	117	1	2	male_low/male_low_117_regress.hdf5
2680.0749	10	male_mid	4	26800749	112	1	2	male_mid/male_mid_112_regress.hdf5
2690.1445	10	female_high	8	26901445	112	1	2	female_high/female_high_112_regress.hdf5
2700.214	10	female_mid	7	27002140	76	1	2	female_mid/female_mid_076_regress.hdf5
2710.2836	10	male_mid	4	27102836	75	1	2	male_mid/male_mid_075_regress.hdf5
2720.3532	10	female_high	8	27203532	30	1	2	female_high/female_high_030_regress.hdf5
2730.4228	10	male_low	3	27304228	77	1	2	male_low/male_low_077_regress.hdf5
2740.4924	10	male_high	5	27404924	85	1	2	male_high/male_high_085_regress.hdf5
2750.562	10	female_low	6	27505620	21	1	2	female_low/female_low_021_regress.hdf5
2760.6316	10	female_mid	7	27606316	14	1	2	female_mid/female_mid_014_regress.hdf5
2770.7012	10	male_mid	4	27707012	55	1	2	male_mid/male_mid_055_regress.hdf5
2780.7707	10	male_high	5	27807707	54	1	2	male_high/male_high_054_regress.hdf5
2790.8403	10	female_high	8	27908403	21	1	2	female_high/female_high_021_regress.hdf5
2800.9099	10	female_low	6	28009099	99	1	2	female_low/female_low_099_regress.hdf5
2810.9795	10	male_low	3	28109795	111	1	2	male_low/male_low_111_regress.hdf5
2821.0491	10	male_high	5	28210491	100	1	2	male_high/male_high_100_regress.hdf5
2831.1187	10	male_mid	4	28311187	113	1	2	male_mid/male_mid_113_regress.hdf5
2841.1883	10	female_low	6	28411883	40	1	2	female_low/female_low_040_regress.hdf5
2851.2579	10	female_high	8	28512579	78	1	2	female_high/female_high_078_regress.hdf5
2861.3274	10	male_low	3	28613274	34	1	2	male_low/male_low_034_regress.hdf5
2871.397	10	female_mid	7	28713970	112	1	2	female_mid/female_mid_112_regress.hdf5
2881.4879	10	male_low	3	28814879	37	1	2	male_low/male_low_037_regress.hdf5
2891.5575	10	female_low	6	28915575	117	1	2	female_low/female_low_117_regress.hdf5
2901.6271	10	female_mid	7	29016271	42	1	2	female_mid/female_mid_042_regress.hdf5
2911.6967	10	male_mid	4	29116967	100	1	2	male_mid/male_mid_100_regress.hdf5
2921.7663	10	male_high	5	29217663	10	1	2	male_high/male_high_010_regress.hdf5
2931.8359	10	female_high	8	29318359	0	1	2	female_high/female_high_000_regress.hdf5
2941.9055	10	male_mid	4	29419055	64	1	2	male_mid/male_mid_064_regress.hdf5
2951.9751	10	male_low	3	29519751	36	1	2	male_low/male_low_036_regress.hdf5
2962.0446	10	female_high	8	29620446	25	1	2	female_high/female_high_025_regress.hdf5
2972.1142	10	male_high	5	29721142	80	1	2	male_high/male_high_080_regress.hdf5
2982.1838	10	female_mid	7	29821838	57	1	2	female_mid/female_mid_057_regress.hdf5
2992.2534	10	female_low	6	29922534	115	1	2	female_low/female_low_115_regress.hdf5
3002.323	10	male_low	3	30023230	90	1	2	male_low/male_low_090_regress.hdf5
3012.3926	10	female_high	8	30123926	28	1	2	female_high/female_high_028_regress.hdf5
3022.4622	10	female_mid	7	30224622	35	1	2	female_mid/female_mid_035_regress.hdf5
3032.5318	10	female_low	6	30325318	64	1	2	female_low/female_low_064_regress.hdf5
3042.6013	10	male_mid	4	30426013	1	1	2	male_mid/male_mid_001_regress.hdf5
3052.6709	10	male_high	5	30526709	106	1	2	male_high/male_high_106_regress.hdf5
3062.7405	10	male_mid	4	30627405	28	1	2	male_mid/male_mid_028_regress.hdf5
3072.8101	10	female_mid	7	30728101	82	1	2	female_mid/female_mid_082_regress.hdf5
3082.8797	10	female_high	8	30828797	20	1	2	female_high/female_high_020_regress.hdf5
3092.9493	10	female_low	6	30929493	20	1	2	female_low/female_low_020_regress.hdf5
3103.0189	10	male_high	5	31030189	37	1	2	male_high/male_high_037_regress.hdf5
3113.0884	10	male_low	3	31130884	76	1	2	male_low/male_low_076_regress.hdf5
3123.158	10	male_mid	4	31231580	60	1	2	male_mid/male_mid_060_regress.hdf5
3133.2276	10	female_low	6	31332276	61	1	2	female_low/female_low_061_regress.hdf5
3143.3185	10	female_high	8	31433185	26	1	2	female_high/female_high_026_regress.hdf5
3153.3881	10	male_low	3	31533881	63	1	2	male_low/male_low_063_regress.hdf5
3163.4577	10	male_high	5	31634577	0	1	2	male_high/male_high_000_regress.hdf5
3173.5273	10	female_mid	7	31735273	69	1	2	female_mid/female_mid_069_regress.hdf5
3183.5969	10	female_low	6	31835969	43	1	2	female_low/female_low_043_regress.hdf5
3193.6665	10	female_high	8	31936665	113	1	2	female_high/female_high_113_regress.hdf5
3203.7361	10	male_high	5	32037361	20	1	2	male_high/male_high_020_regress.hdf5
3213.827	10	male_low	3	32138270	75	1	2	male_low/male_low_075_regress.hdf5
3223.8752	10	male_mid	4	32238752	78	1	2	male_mid/male_mid_078_regress.hdf5
3233.9448	10	female_mid	7	32339448	109	1	2	female_mid/female_mid_109_regress.hdf5
3244.0144	10	female_high	8	32440144	108	1	2	female_high/female_high_108_regress.hdf5
3254.084	10	male_high	5	32540840	5	1	2	male_high/male_high_005_regress.hdf5
3264.1536	10	female_low	6	32641536	0	1	2	female_low/female_low_000_regress.hdf5
3274.2232	10	male_low	3	32742232	56	1	2	male_low/male_low_056_regress.hdf5
3284.2928	10	male_mid	4	32842928	7	1	2	male_mid/male_mid_007_regress.hdf5
3294.3623	10	female_mid	7	32943623	108	1	2	female_mid/female_mid_108_regress.hdf5
3304.4319	10	male_high	5	33044319	6	1	2	male_high/male_high_006_regress.hdf5
3314.5015	10	female_mid	7	33145015	20	1	2	female_mid/female_mid_020_regress.hdf5
3324.5711	10	female_low	6	33245711	41	1	2	female_low/female_low_041_regress.hdf5
3334.6407	10	male_low	3	33346407	109	1	2	male_low/male_low_109_regress.hdf5
3344.7103	10	male_mid	4	33447103	110	1	2	male_mid/male_mid_110_regress.hdf5
3354.7799	10	female_high	8	33547799	58	1	2	female_high/female_high_058_regress.hdf5
3364.8494	10	male_high	5	33648494	31	1	2	male_high/male_high_031_regress.hdf5
3374.919	10	male_mid	4	33749190	114	1	2	male_mid/male_mid_114_regress.hdf5
3384.9886	10	male_low	3	33849886	47	1	2	male_low/male_low_047_regress.hdf5
3395.0582	10	female_high	8	33950582	105	1	2	female_high/female_high_105_regress.hdf5
3405.1278	10	female_low	6	34051278	50	1	2	female_low/female_low_050_regress.hdf5
3415.1974	10	female_mid	7	34151974	13	1	2	female_mid/female_mid_013_regress.hdf5
3425.267	10	male_high	5	34252670	60	1	2	male_high/male_high_060_regress.hdf5
3435.3366	10	female_low	6	34353366	53	1	2	female_low/female_low_053_regress.hdf5
3445.4061	10	male_low	3	34454061	15	1	2	male_low/male_low_015_regress.hdf5
3455.4757	10	female_high	8	34554757	106	1	2	female_high/female_high_106_regress.hdf5
3465.5453	10	female_mid	7	34655453	27	1	2	female_mid/female_mid_027_regress.hdf5
3475.6149	10	male_mid	4	34756149	117	1	2	male_mid/male_mid_117_regress.hdf5
3485.6845	10	female_low	6	34856845	80	1	2	female_low/female_low_080_regress.hdf5
3495.7541	10	male_mid	4	34957541	96	1	2	male_mid/male_mid_096_regress.hdf5
3505.8237	10	female_mid	7	35058237	38	1	2	female_mid/female_mid_038_regress.hdf5
3515.8932	10	male_high	5	35158932	38	1	2	male_high/male_high_038_regress.hdf5
3525.9628	10	male_low	3	35259628	49	1	2	male_low/male_low_049_regress.hdf5
3536.0324	10	female_high	8	35360324	56	1	2	female_high/female_high_056_regress.hdf5
3546.102	10	female_mid	7	35461020	16	1	2	female_mid/female_mid_016_regress.hdf5
3556.1503	10	male_high	5	35561503	32	1	2	male_high/male_high_032_regress.hdf5
3566.2198	10	male_low	3	35662198	110	1	2	male_low/male_low_110_regress.hdf5
3576.2894	10	female_high	8	35762894	84	1	2	female_high/female_high_084_regress.hdf5
3586.3804	10	male_mid	4	35863804	61	1	2	male_mid/male_mid_061_regress.hdf5
3596.4499	10	female_low	6	35964499	29	1	2	female_low/female_low_029_regress.hdf5
3606.5195	10	male_mid	4	36065195	90	1	2	male_mid/male_mid_090_regress.hdf5
3616.6104	10	female_low	6	36166104	73	1	2	female_low/female_low_073_regress.hdf5
3626.68	10	male_high	5	36266800	64	1	2	male_high/male_high_064_regress.hdf5
3673.5079	10	female_mid	7	36735079	23	1	2	female_mid/female_mid_023_regress.hdf5
3683.5775	10	female_high	8	36835775	89	1	2	female_high/female_high_089_regress.hdf5
3693.647	10	male_low	3	36936470	39	1	2	male_low/male_low_039_regress.hdf5
3703.7166	10	male_low	3	37037166	8	1	2	male_low/male_low_008_regress.hdf5
3713.8076	10	male_mid	4	37138076	35	1	2	male_mid/male_mid_035_regress.hdf5
3723.8771	10	male_high	5	37238771	22	1	2	male_high/male_high_022_regress.hdf5
3733.9467	10	female_mid	7	37339467	101	1	2	female_mid/female_mid_101_regress.hdf5
3744.0163	10	female_high	8	37440163	97	1	2	female_high/female_high_097_regress.hdf5
3754.0859	10	female_low	6	37540859	35	1	2	female_low/female_low_035_regress.hdf5
3764.1768	10	male_mid	4	37641768	58	1	2	male_mid/male_mid_058_regress.hdf5
3774.2251	10	male_high	5	37742251	81	1	2	male_high/male_high_081_regress.hdf5
3784.2947	10	female_high	8	37842947	54	1	2	female_high/female_high_054_regress.hdf5
3794.3642	10	female_mid	7	37943642	110	1	2	female_mid/female_mid_110_regress.hdf5
3804.4338	10	male_low	3	38044338	21	1	2	male_low/male_low_021_regress.hdf5
3814.5034	10	female_low	6	38145034	98	1	2	female_low/female_low_098_regress.hdf5
3824.573	10	male_mid	4	38245730	29	1	2	male_mid/male_mid_029_regress.hdf5
3834.6426	10	female_mid	7	38346426	47	1	2	female_mid/female_mid_047_regress.hdf5
3844.7335	10	female_high	8	38447335	38	1	2	female_high/female_high_038_regress.hdf5
3854.8031	10	male_low	3	38548031	0	1	2	male_low/male_low_000_regress.hdf5
3864.8727	10	male_high	5	38648727	26	1	2	male_high/male_high_026_regress.hdf5
3874.9209	10	female_low	6	38749209	63	1	2	female_low/female_low_063_regress.hdf5
3884.9905	10	female_mid	7	38849905	72	1	2	female_mid/female_mid_072_regress.hdf5
3895.0814	10	male_high	5	38950814	104	1	2	male_high/male_high_104_regress.hdf5
3905.151	10	female_low	6	39051510	39	1	2	female_low/female_low_039_regress.hdf5
3915.2206	10	female_high	8	39152206	86	1	2	female_high/female_high_086_regress.hdf5
3925.2902	10	male_low	3	39252902	25	1	2	male_low/male_low_025_regress.hdf5
3935.3598	10	male_mid	4	39353598	8	1	2	male_mid/male_mid_008_regress.hdf5
3945.4294	10	male_high	5	39454294	75	1	2	male_high/male_high_075_regress.hdf5
3955.499	10	female_low	6	39554990	7	1	2	female_low/female_low_007_regress.hdf5
3965.5685	10	male_low	3	39655685	113	1	2	male_low/male_low_113_regress.hdf5
3975.6381	10	male_mid	4	39756381	74	1	2	male_mid/male_mid_074_regress.hdf5
3985.7077	10	female_high	8	39857077	36	1	2	female_high/female_high_036_regress.hdf5
3995.7773	10	female_mid	7	39957773	79	1	2	female_mid/female_mid_079_regress.hdf5
4005.8469	10	male_mid	4	40058469	89	1	2	male_mid/male_mid_089_regress.hdf5
4015.9165	10	female_mid	7	40159165	88	1	2	female_mid/female_mid_088_regress.hdf5
4025.9861	10	male_high	5	40259861	96	1	2	male_high/male_high_096_regress.hdf5
4036.0556	10	female_low	6	40360556	28	1	2	female_low/female_low_028_regress.hdf5
4046.1252	10	female_high	8	40461252	81	1	2	female_high/female_high_081_regress.hdf5
4056.1735	10	male_low	3	40561735	69	1	2	male_low/male_low_069_regress.hdf5
4066.2431	10	female_high	8	40662431	22	1	2	female_high/female_high_022_regress.hdf5
4076.334	10	female_mid	7	40763340	43	1	2	female_mid/female_mid_043_regress.hdf5
4086.3822	10	female_low	6	40863822	24	1	2	female_low/female_low_024_regress.hdf5
4096.4518	10	male_low	3	40964518	7	1	2	male_low/male_low_007_regress.hdf5
4106.5428	10	male_mid	4	41065428	118	1	2	male_mid/male_mid_118_regress.hdf5
4116.6123	10	male_high	5	41166123	47	1	2	male_high/male_high_047_regress.hdf5
4126.6819	10	female_mid	7	41266819	118	1	2	female_mid/female_mid_118_regress.hdf5
4136.7515	10	male_mid	4	41367515	104	1	2	male_mid/male_mid_104_regress.hdf5
4146.8211	10	male_low	3	41468211	103	1	2	male_low/male_low_103_regress.hdf5
4156.8907	10	female_low	6	41568907	16	1	2	female_low/female_low_016_regress.hdf5
4166.9603	10	male_high	5	41669603	113	1	2	male_high/male_high_113_regress.hdf5
4177.0299	10	female_high	8	41770299	117	1	2	female_high/female_high_117_regress.hdf5
4187.0994	10	male_high	5	41870994	57	1	2	male_high/male_high_057_regress.hdf5
4197.169	10	male_mid	4	41971690	11	1	2	male_mid/male_mid_011_regress.hdf5
4207.2386	10	female_low	6	42072386	114	1	2	female_low/female_low_114_regress.hdf5
4217.3082	10	male_low	3	42173082	102	1	2	male_low/male_low_102_regress.hdf5
4227.3991	10	female_mid	7	42273991	117	1	2	female_mid/female_mid_117_regress.hdf5
4237.4687	10	female_high	8	42374687	102	1	2	female_high/female_high_102_regress.hdf5
4247.5383	10	male_low	3	42475383	24	1	2	male_low/male_low_024_regress.hdf5
4257.6079	10	female_high	8	42576079	65	1	2	female_high/female_high_065_regress.hdf5
4267.6775	10	male_high	5	42676775	86	1	2	male_high/male_high_086_regress.hdf5
4277.747	10	female_low	6	42777470	10	1	2	female_low/female_low_010_regress.hdf5
4287.8166	10	female_mid	7	42878166	61	1	2	female_mid/female_mid_061_regress.hdf5
4297.8862	10	male_mid	4	42978862	73	1	2	male_mid/male_mid_073_regress.hdf5
4307.9558	10	male_low	3	43079558	58	1	2	male_low/male_low_058_regress.hdf5
4318.0467	10	female_high	8	43180467	114	1	2	female_high/female_high_114_regress.hdf5
4328.1163	10	female_mid	7	43281163	37	1	2	female_mid/female_mid_037_regress.hdf5
4338.1859	10	female_low	6	43381859	49	1	2	female_low/female_low_049_regress.hdf5
4348.2341	10	male_mid	4	43482341	62	1	2	male_mid/male_mid_062_regress.hdf5
4358.3037	10	male_high	5	43583037	29	1	2	male_high/male_high_029_regress.hdf5
4368.3947	10	male_low	3	43683947	95	1	2	male_low/male_low_095_regress.hdf5
4378.4642	10	female_high	8	43784642	60	1	2	female_high/female_high_060_regress.hdf5
4388.5338	10	female_low	6	43885338	62	1	2	female_low/female_low_062_regress.hdf5
4398.6034	10	male_high	5	43986034	11	1	2	male_high/male_high_011_regress.hdf5
4408.673	10	female_mid	7	44086730	9	1	2	female_mid/female_mid_009_regress.hdf5
4418.7426	10	male_mid	4	44187426	53	1	2	male_mid/male_mid_053_regress.hdf5
4428.8122	10	female_mid	7	44288122	90	1	2	female_mid/female_mid_090_regress.hdf5
4438.8818	10	female_high	8	44388818	45	1	2	female_high/female_high_045_regress.hdf5
4448.9513	10	male_mid	4	44489513	33	1	2	male_mid/male_mid_033_regress.hdf5
4459.0209	10	male_low	3	44590209	65	1	2	male_low/male_low_065_regress.hdf5
4469.0905	10	male_high	5	44690905	34	1	2	male_high/male_high_034_regress.hdf5
4479.1601	10	female_low	6	44791601	68	1	2	female_low/female_low_068_regress.hdf5
4489.2297	10	male_mid	4	44892297	87	1	2	male_mid/male_mid_087_regress.hdf5
4499.2993	10	male_high	5	44992993	21	1	2	male_high/male_high_021_regress.hdf5
4509.3689	10	male_low	3	45093689	57	1	2	male_low/male_low_057_regress.hdf5
4519.4384	10	female_high	8	45194384	15	1	2	female_high/female_high_015_regress.hdf5
4529.5294	10	female_mid	7	45295294	3	1	2	female_mid/female_mid_003_regress.hdf5
4539.5989	10	female_low	6	45395989	87	1	2	female_low/female_low_087_regress.hdf5
4549.6685	10	female_low	6	45496685	113	1	2	female_low/female_low_113_regress.hdf5
4559.7381	10	female_mid	7	45597381	63	1	2	female_mid/female_mid_063_regress.hdf5
4569.8077	10	female_high	8	45698077	80	1	2	female_high/female_high_080_regress.hdf5
4579.8773	10	male_high	5	45798773	89	1	2	male_high/male_high_089_regress.hdf5
4589.9469	10	male_low	3	45899469	4	1	2	male_low/male_low_004_regress.hdf5
4600.0165	10	male_mid	4	46000165	72	1	2	male_mid/male_mid_072_regress.hdf5
4610.1074	10	male_high	5	46101074	52	1	2	male_high/male_high_052_regress.hdf5
4620.177	10	female_high	8	46201770	43	1	2	female_high/female_high_043_regress.hdf5
4630.2252	10	female_mid	7	46302252	30	1	2	female_mid/female_mid_030_regress.hdf5
4640.3161	10	male_mid	4	46403161	108	1	2	male_mid/male_mid_108_regress.hdf5
4650.3857	10	female_low	6	46503857	107	1	2	female_low/female_low_107_regress.hdf5
4660.4553	10	male_low	3	46604553	38	1	2	male_low/male_low_038_regress.hdf5
4670.5249	10	male_low	3	46705249	32	1	2	male_low/male_low_032_regress.hdf5
4680.5945	10	female_mid	7	46805945	81	1	2	female_mid/female_mid_081_regress.hdf5
4690.6641	10	male_high	5	46906641	14	1	2	male_high/male_high_014_regress.hdf5
4700.7336	10	male_mid	4	47007336	56	1	2	male_mid/male_mid_056_regress.hdf5
4710.8032	10	female_high	8	47108032	19	1	2	female_high/female_high_019_regress.hdf5
4720.8728	10	female_low	6	47208728	102	1	2	female_low/female_low_102_regress.hdf5
4730.9424	10	male_mid	4	47309424	65	1	2	male_mid/male_mid_065_regress.hdf5
4741.0333	10	male_high	5	47410333	41	1	2	male_high/male_high_041_regress.hdf5
4751.1029	10	male_low	3	47511029	93	1	2	male_low/male_low_093_regress.hdf5
4761.1512	10	female_high	8	47611512	93	1	2	female_high/female_high_093_regress.hdf5
4771.2207	10	female_mid	7	47712207	22	1	2	female_mid/female_mid_022_regress.hdf5
4781.2903	10	female_low	6	47812903	82	1	2	female_low/female_low_082_regress.hdf5
4791.3599	10	male_low	3	47913599	86	1	2	male_low/male_low_086_regress.hdf5
4801.4508	10	male_high	5	48014508	68	1	2	male_high/male_high_068_regress.hdf5
4811.4991	10	male_mid	4	48114991	22	1	2	male_mid/male_mid_022_regress.hdf5
4821.59	10	female_mid	7	48215900	85	1	2	female_mid/female_mid_085_regress.hdf5
4831.6596	10	female_high	8	48316596	104	1	2	female_high/female_high_104_regress.hdf5
4841.7292	10	female_low	6	48417292	75	1	2	female_low/female_low_075_regress.hdf5
4851.7988	10	male_high	5	48517988	51	1	2	male_high/male_high_051_regress.hdf5
4861.8683	10	female_low	6	48618683	86	1	2	female_low/female_low_086_regress.hdf5
4871.9166	10	male_mid	4	48719166	98	1	2	male_mid/male_mid_098_regress.hdf5
4881.9862	10	female_mid	7	48819862	98	1	2	female_mid/female_mid_098_regress.hdf5
4892.0558	10	male_low	3	48920558	79	1	2	male_low/male_low_079_regress.hdf5
4902.1254	10	female_high	8	49021254	46	1	2	female_high/female_high_046_regress.hdf5
4912.1949	10	male_high	5	49121949	95	1	2	male_high/male_high_095_regress.hdf5
4922.2645	10	female_low	6	49222645	37	1	2	female_low/female_low_037_regress.hdf5
4932.3341	10	male_low	3	49323341	116	1	2	male_low/male_low_116_regress.hdf5
4942.4037	10	female_high	8	49424037	3	1	2	female_high/female_high_003_regress.hdf5
4952.4733	10	male_mid	4	49524733	77	1	2	male_mid/male_mid_077_regress.hdf5
4962.5429	10	female_mid	7	49625429	44	1	2	female_mid/female_mid_044_regress.hdf5
4972.6125	10	female_low	6	49726125	76	1	2	female_low/female_low_076_regress.hdf5
4982.682	10	male_high	5	49826820	12	1	2	male_high/male_high_012_regress.hdf5
4992.7516	10	male_mid	4	49927516	3	1	2	male_mid/male_mid_003_regress.hdf5
5002.8212	10	male_low	3	50028212	88	1	2	male_low/male_low_088_regress.hdf5
5012.8908	10	female_mid	7	50128908	106	1	2	female_mid/female_mid_106_regress.hdf5
5022.9817	10	female_high	8	50229817	47	1	2	female_high/female_high_047_regress.hdf5
5033.0513	10	male_mid	4	50330513	17	1	2	male_mid/male_mid_017_regress.hdf5
5043.1209	10	male_low	3	50431209	45	1	2	male_low/male_low_045_regress.hdf5
5053.1691	10	female_low	6	50531691	3	1	2	female_low/female_low_003_regress.hdf5
5063.2387	10	female_high	8	50632387	87	1	2	female_high/female_high_087_regress.hdf5
5073.3296	10	female_mid	7	50733296	104	1	2	female_mid/female_mid_104_regress.hdf5
5083.3992	10	male_high	5	50833992	67	1	2	male_high/male_high_067_regress.hdf5
5093.4688	10	male_high	5	50934688	17	1	2	male_high/male_high_017_regress.hdf5
5103.5384	10	male_mid	4	51035384	37	1	2	male_mid/male_mid_037_regress.hdf5
5113.608	10	female_high	8	51136080	92	1	2	female_high/female_high_092_regress.hdf5
5123.6776	10	female_low	6	51236776	32	1	2	female_low/female_low_032_regress.hdf5
5133.7471	10	male_low	3	51337471	112	1	2	male_low/male_low_112_regress.hdf5
5143.8167	10	female_mid	7	51438167	7	1	2	female_mid/female_mid_007_regress.hdf5
5153.8863	10	female_high	8	51538863	16	1	2	female_high/female_high_016_regress.hdf5
5163.9559	10	male_high	5	51639559	107	1	2	male_high/male_high_107_regress.hdf5
5174.0255	10	female_mid	7	51740255	2	1	2	female_mid/female_mid_002_regress.hdf5
5184.0951	10	male_low	3	51840951	43	1	2	male_low/male_low_043_regress.hdf5
5194.1647	10	male_mid	4	51941647	115	1	2	male_mid/male_mid_115_regress.hdf5
5204.2342	10	female_low	6	52042342	118	1	2	female_low/female_low_118_regress.hdf5
5214.3038	10	male_high	5	52143038	7	1	2	male_high/male_high_007_regress.hdf5
5224.3734	10	male_low	3	52243734	78	1	2	male_low/male_low_078_regress.hdf5
5234.4643	10	female_low	6	52344643	104	1	2	female_low/female_low_104_regress.hdf5
5244.5339	10	female_high	8	52445339	51	1	2	female_high/female_high_051_regress.hdf5
5254.6035	10	female_mid	7	52546035	12	1	2	female_mid/female_mid_012_regress.hdf5
5264.6731	10	male_mid	4	52646731	107	1	2	male_mid/male_mid_107_regress.hdf5
5274.7427	10	male_mid	4	52747427	44	1	2	male_mid/male_mid_044_regress.hdf5
5284.8123	10	female_low	6	52848123	25	1	2	female_low/female_low_025_regress.hdf5
5294.8818	10	male_high	5	52948818	33	1	2	male_high/male_high_033_regress.hdf5
5304.9514	10	female_mid	7	53049514	99	1	2	female_mid/female_mid_099_regress.hdf5
5315.021	10	female_high	8	53150210	116	1	2	female_high/female_high_116_regress.hdf5
5325.0906	10	male_low	3	53250906	74	1	2	male_low/male_low_074_regress.hdf5
5335.1602	10	female_mid	7	53351602	53	1	2	female_mid/female_mid_053_regress.hdf5
5345.2298	10	male_high	5	53452298	27	1	2	male_high/male_high_027_regress.hdf5
5355.2994	10	male_mid	4	53552994	15	1	2	male_mid/male_mid_015_regress.hdf5
5365.3689	10	male_low	3	53653689	67	1	2	male_low/male_low_067_regress.hdf5
5375.4385	10	female_low	6	53754385	27	1	2	female_low/female_low_027_regress.hdf5
5385.5081	10	female_high	8	53855081	7	1	2	female_high/female_high_007_regress.hdf5
5395.5777	10	female_mid	7	53955777	39	1	2	female_mid/female_mid_039_regress.hdf5
5405.6473	10	female_low	6	54056473	94	1	2	female_low/female_low_094_regress.hdf5
5415.7169	10	male_low	3	54157169	42	1	2	male_low/male_low_042_regress.hdf5
5425.8078	10	male_high	5	54258078	103	1	2	male_high/male_high_103_regress.hdf5
5435.8774	10	male_mid	4	54358774	116	1	2	male_mid/male_mid_116_regress.hdf5
5445.947	10	female_high	8	54459470	49	1	2	female_high/female_high_049_regress.hdf5
5456.0165	10	female_mid	7	54560165	32	1	2	female_mid/female_mid_032_regress.hdf5
5466.0648	10	female_high	8	54660648	115	1	2	female_high/female_high_115_regress.hdf5
5476.1344	10	male_high	5	54761344	90	1	2	male_high/male_high_090_regress.hdf5
5486.204	10	male_mid	4	54862040	106	1	2	male_mid/male_mid_106_regress.hdf5
5496.2949	10	female_low	6	54962949	38	1	2	female_low/female_low_038_regress.hdf5
5506.3645	10	male_low	3	55063645	80	1	2	male_low/male_low_080_regress.hdf5
5516.4127	10	female_high	8	55164127	23	1	2	female_high/female_high_023_regress.hdf5
5526.4823	10	male_high	5	55264823	45	1	2	male_high/male_high_045_regress.hdf5
5536.5519	10	male_mid	4	55365519	10	1	2	male_mid/male_mid_010_regress.hdf5
5546.6428	10	female_mid	7	55466428	10	1	2	female_mid/female_mid_010_regress.hdf5
5556.7124	10	female_low	6	55567124	83	1	2	female_low/female_low_083_regress.hdf5
5566.782	10	male_low	3	55667820	50	1	2	male_low/male_low_050_regress.hdf5
5576.8516	10	female_high	8	55768516	2	1	2	female_high/female_high_002_regress.hdf5
5586.9212	10	female_low	6	55869212	58	1	2	female_low/female_low_058_regress.hdf5
5596.9907	10	female_mid	7	55969907	86	1	2	female_mid/female_mid_086_regress.hdf5
5607.0603	10	male_mid	4	56070603	81	1	2	male_mid/male_mid_081_regress.hdf5
5617.1299	10	male_high	5	56171299	55	1	2	male_high/male_high_055_regress.hdf5
5627.1995	10	male_low	3	56271995	3	1	2	male_low/male_low_003_regress.hdf5
5637.2691	10	male_high	5	56372691	71	1	2	male_high/male_high_071_regress.hdf5
5647.36	10	male_mid	4	56473600	36	1	2	male_mid/male_mid_036_regress.hdf5
5657.4082	10	male_low	3	56574082	26	1	2	male_low/male_low_026_regress.hdf5
5667.4778	10	female_low	6	56674778	65	1	2	female_low/female_low_065_regress.hdf5
5677.5474	10	female_high	8	56775474	90	1	2	female_high/female_high_090_regress.hdf5
5687.617	10	female_mid	7	56876170	60	1	2	female_mid/female_mid_060_regress.hdf5
5697.6866	10	male_mid	4	56976866	30	1	2	male_mid/male_mid_030_regress.hdf5
5707.7775	10	female_low	6	57077775	9	1	2	female_low/female_low_009_regress.hdf5
5717.8258	10	male_high	5	57178258	82	1	2	male_high/male_high_082_regress.hdf5
5727.8953	10	female_high	8	57278953	110	1	2	female_high/female_high_110_regress.hdf5
5737.9649	10	male_low	3	57379649	9	1	2	male_low/male_low_009_regress.hdf5
5748.0558	10	female_mid	7	57480558	5	1	2	female_mid/female_mid_005_regress.hdf5
5758.1254	10	female_mid	7	57581254	29	1	2	female_mid/female_mid_029_regress.hdf5
5768.2164	10	male_low	3	57682164	5	1	2	male_low/male_low_005_regress.hdf5
5778.2859	10	female_high	8	57782859	111	1	2	female_high/female_high_111_regress.hdf5
5788.3555	10	male_mid	4	57883555	63	1	2	male_mid/male_mid_063_regress.hdf5
5798.4251	10	female_low	6	57984251	11	1	2	female_low/female_low_011_regress.hdf5
5808.4947	10	male_high	5	58084947	118	1	2	male_high/male_high_118_regress.hdf5
5818.5643	10	male_mid	4	58185643	51	1	2	male_mid/male_mid_051_regress.hdf5
5828.6339	10	female_mid	7	58286339	114	1	2	female_mid/female_mid_114_regress.hdf5
5838.7034	10	male_high	5	58387034	112	1	2	male_high/male_high_112_regress.hdf5
5848.773	10	female_high	8	58487730	29	1	2	female_high/female_high_029_regress.hdf5
5858.8426	10	female_low	6	58588426	91	1	2	female_low/female_low_091_regress.hdf5
5868.9122	10	male_low	3	58689122	1	1	2	male_low/male_low_001_regress.hdf5
5879.0031	10	female_mid	7	58790031	18	1	2	female_mid/female_mid_018_regress.hdf5
5889.0727	10	female_high	8	58890727	18	1	2	female_high/female_high_018_regress.hdf5
5899.1423	10	male_mid	4	58991423	12	1	2	male_mid/male_mid_012_regress.hdf5
5909.2119	10	female_low	6	59092119	59	1	2	female_low/female_low_059_regress.hdf5
5919.2815	10	male_high	5	59192815	94	1	2	male_high/male_high_094_regress.hdf5
5929.351	10	male_low	3	59293510	91	1	2	male_low/male_low_091_regress.hdf5
5939.442	10	male_mid	4	59394420	25	1	2	male_mid/male_mid_025_regress.hdf5
5949.5116	10	male_high	5	59495116	59	1	2	male_high/male_high_059_regress.hdf5
5959.5811	10	female_low	6	59595811	88	1	2	female_low/female_low_088_regress.hdf5
5969.6507	10	female_mid	7	59696507	56	1	2	female_mid/female_mid_056_regress.hdf5
5979.7203	10	male_low	3	59797203	35	1	2	male_low/male_low_035_regress.hdf5
5989.7899	10	female_high	8	59897899	39	1	2	female_high/female_high_039_regress.hdf5
5999.8595	10	female_mid	7	59998595	75	1	2	female_mid/female_mid_075_regress.hdf5
6009.9291	10	male_mid	4	60099291	105	1	2	male_mid/male_mid_105_regress.hdf5
6019.9986	10	male_low	3	60199986	59	1	2	male_low/male_low_059_regress.hdf5
6030.0682	10	female_high	8	60300682	9	1	2	female_high/female_high_009_regress.hdf5
6040.1378	10	female_low	6	60401378	105	1	2	female_low/female_low_105_regress.hdf5
6050.2074	10	male_high	5	60502074	84	1	2	male_high/male_high_084_regress.hdf5
6060.2983	10	male_mid	4	60602983	18	1	2	male_mid/male_mid_018_regress.hdf5
6070.3679	10	male_high	5	60703679	83	1	2	male_high/male_high_083_regress.hdf5
6080.4375	10	male_low	3	60804375	51	1	2	male_low/male_low_051_regress.hdf5
6090.5071	10	female_high	8	60905071	68	1	2	female_high/female_high_068_regress.hdf5
6100.5767	10	female_mid	7	61005767	115	1	2	female_mid/female_mid_115_regress.hdf5
6110.6462	10	female_low	6	61106462	44	1	2	female_low/female_low_044_regress.hdf5
6120.7158	10	female_high	8	61207158	42	1	2	female_high/female_high_042_regress.hdf5
6130.7854	10	female_low	6	61307854	60	1	2	female_low/female_low_060_regress.hdf5
6140.855	10	female_mid	7	61408550	64	1	2	female_mid/female_mid_064_regress.hdf5
6150.9246	10	male_low	3	61509246	19	1	2	male_low/male_low_019_regress.hdf5
6161.0155	10	male_high	5	61610155	98	1	2	male_high/male_high_098_regress.hdf5
6171.0851	10	male_mid	4	61710851	0	1	2	male_mid/male_mid_000_regress.hdf5
6181.1547	10	male_low	3	61811547	61	1	2	male_low/male_low_061_regress.hdf5
6191.2243	10	female_low	6	61912243	72	1	2	female_low/female_low_072_regress.hdf5
6201.2938	10	female_mid	7	62012938	51	1	2	female_mid/female_mid_051_regress.hdf5
6211.3634	10	male_mid	4	62113634	119	1	2	male_mid/male_mid_119_regress.hdf5
6221.433	10	female_high	8	62214330	76	1	2	female_high/female_high_076_regress.hdf5
6231.5026	10	male_high	5	62315026	53	1	2	male_high/male_high_053_regress.hdf5
6241.5722	10	male_high	5	62415722	18	1	2	male_high/male_high_018_regress.hdf5
6251.6418	10	male_low	3	62516418	114	1	2	male_low/male_low_114_regress.hdf5
6261.7327	10	female_low	6	62617327	71	1	2	female_low/female_low_071_regress.hdf5
6271.8023	10	male_mid	4	62718023	93	1	2	male_mid/male_mid_093_regress.hdf5
6281.8719	10	female_high	8	62818719	5	1	2	female_high/female_high_005_regress.hdf5
6291.9414	10	female_mid	7	62919414	50	1	2	female_mid/female_mid_050_regress.hdf5
6302.011	10	male_high	5	63020110	49	1	2	male_high/male_high_049_regress.hdf5
6312.0593	10	male_mid	4	63120593	111	1	2	male_mid/male_mid_111_regress.hdf5
6322.1502	10	female_low	6	63221502	52	1	2	female_low/female_low_052_regress.hdf5
6332.2198	10	male_low	3	63322198	92	1	2	male_low/male_low_092_regress.hdf5
6342.2894	10	female_high	8	63422894	71	1	2	female_high/female_high_071_regress.hdf5
6352.359	10	female_mid	7	63523590	113	1	2	female_mid/female_mid_113_regress.hdf5
6362.4285	10	male_low	3	63624285	11	1	2	male_low/male_low_011_regress.hdf5
6372.4981	10	female_mid	7	63724981	49	1	2	female_mid/female_mid_049_regress.hdf5
6382.5677	10	female_high	8	63825677	53	1	2	female_high/female_high_053_regress.hdf5
6392.6373	10	female_low	6	63926373	15	1	2	female_low/female_low_015_regress.hdf5
6402.7069	10	male_mid	4	64027069	6	1	2	male_mid/male_mid_006_regress.hdf5
6412.7978	10	male_high	5	64127978	76	1	2	male_high/male_high_076_regress.hdf5
6422.8674	10	female_mid	7	64228674	116	1	2	female_mid/female_mid_116_regress.hdf5
6432.937	10	female_high	8	64329370	48	1	2	female_high/female_high_048_regress.hdf5
6443.0066	10	male_low	3	64430066	64	1	2	male_low/male_low_064_regress.hdf5
6453.0761	10	male_mid	4	64530761	70	1	2	male_mid/male_mid_070_regress.hdf5
6463.1457	10	female_low	6	64631457	109	1	2	female_low/female_low_109_regress.hdf5
6473.2153	10	male_high	5	64732153	111	1	2	male_high/male_high_111_regress.hdf5
6483.3062	10	female_low	6	64833062	47	1	2	female_low/female_low_047_regress.hdf5
6493.3758	10	female_high	8	64933758	1	1	2	female_high/female_high_001_regress.hdf5
6503.4454	10	female_mid	7	65034454	31	1	2	female_mid/female_mid_031_regress.hdf5
6513.4937	10	male_mid	4	65134937	85	1	2	male_mid/male_mid_085_regress.hdf5
6523.5632	10	male_high	5	65235632	25	1	2	male_high/male_high_025_regress.hdf5
6533.6328	10	male_low	3	65336328	13	1	2	male_low/male_low_013_regress.hdf5
6543.7024	10	female_low	6	65437024	103	1	2	female_low/female_low_103_regress.hdf5
6553.772	10	male_low	3	65537720	94	1	2	male_low/male_low_094_regress.hdf5
6563.8416	10	male_high	5	65638416	24	1	2	male_high/male_high_024_regress.hdf5
6573.9112	10	female_mid	7	65739112	34	1	2	female_mid/female_mid_034_regress.hdf5
6583.9807	10	male_mid	4	65839807	13	1	2	male_mid/male_mid_013_regress.hdf5
6594.0503	10	female_high	8	65940503	52	1	2	female_high/female_high_052_regress.hdf5
6604.1199	10	female_mid	7	66041199	41	1	2	female_mid/female_mid_041_regress.hdf5
6614.1895	10	male_high	5	66141895	23	1	2	male_high/male_high_023_regress.hdf5
6624.2591	10	male_mid	4	66242591	21	1	2	male_mid/male_mid_021_regress.hdf5
6634.3287	10	female_low	6	66343287	77	1	2	female_low/female_low_077_regress.hdf5
6644.4196	10	female_high	8	66444196	98	1	2	female_high/female_high_098_regress.hdf5
6654.4892	10	male_low	3	66544892	98	1	2	male_low/male_low_098_regress.hdf5
6664.5588	10	male_mid	4	66645588	31	1	2	male_mid/male_mid_031_regress.hdf5
6674.6283	10	female_high	8	66746283	59	1	2	female_high/female_high_059_regress.hdf5
6684.6766	10	female_mid	7	66846766	36	1	2	female_mid/female_mid_036_regress.hdf5
6694.7675	10	male_high	5	66947675	109	1	2	male_high/male_high_109_regress.hdf5
6704.8371	10	female_low	6	67048371	119	1	2	female_low/female_low_119_regress.hdf5
6714.9067	10	male_low	3	67149067	105	1	2	male_low/male_low_105_regress.hdf5
6724.9763	10	male_high	5	67249763	28	1	2	male_high/male_high_028_regress.hdf5
6735.0459	10	male_mid	4	67350459	94	1	2	male_mid/male_mid_094_regress.hdf5
6745.1154	10	female_mid	7	67451154	59	1	2	female_mid/female_mid_059_regress.hdf5
6755.185	10	female_low	6	67551850	5	1	2	female_low/female_low_005_regress.hdf5
6765.2546	10	female_high	8	67652546	77	1	2	female_high/female_high_077_regress.hdf5
6775.3455	10	male_low	3	67753455	20	1	2	male_low/male_low_020_regress.hdf5
6785.4151	10	female_mid	7	67854151	25	1	2	female_mid/female_mid_025_regress.hdf5
6795.4847	10	male_low	3	67954847	22	1	2	male_low/male_low_022_regress.hdf5
6805.5543	10	female_low	6	68055543	89	1	2	female_low/female_low_089_regress.hdf5
6815.6239	10	male_high	5	68156239	69	1	2	male_high/male_high_069_regress.hdf5
6825.6935	10	female_high	8	68256935	61	1	2	female_high/female_high_061_regress.hdf5
6835.763	10	male_mid	4	68357630	86	1	2	male_mid/male_mid_086_regress.hdf5
6845.8326	10	female_high	8	68458326	27	1	2	female_high/female_high_027_regress.hdf5
6855.9022	10	male_low	3	68559022	55	1	2	male_low/male_low_055_regress.hdf5
6865.9931	10	female_mid	7	68659931	84	1	2	female_mid/female_mid_084_regress.hdf5
6876.0627	10	male_mid	4	68760627	23	1	2	male_mid/male_mid_023_regress.hdf5
6886.1323	10	male_high	5	68861323	97	1	2	male_high/male_high_097_regress.hdf5
6896.2019	10	female_low	6	68962019	12	1	2	female_low/female_low_012_regress.hdf5
6906.2715	10	female_high	8	69062715	103	1	2	female_high/female_high_103_regress.hdf5
6916.3411	10	male_low	3	69163411	73	1	2	male_low/male_low_073_regress.hdf5
6926.4106	10	female_low	6	69264106	48	1	2	female_low/female_low_048_regress.hdf5
6936.4802	10	female_mid	7	69364802	93	1	2	female_mid/female_mid_093_regress.hdf5
6946.5498	10	male_high	5	69465498	43	1	2	male_high/male_high_043_regress.hdf5
6956.6407	10	male_mid	4	69566407	69	1	2	male_mid/male_mid_069_regress.hdf5
6966.7103	10	male_high	5	69667103	102	1	2	male_high/male_high_102_regress.hdf5
6976.7799	10	female_low	6	69767799	81	1	2	female_low/female_low_081_regress.hdf5
6986.8495	10	male_mid	4	69868495	38	1	2	male_mid/male_mid_038_regress.hdf5
6996.9191	10	female_mid	7	69969191	73	1	2	female_mid/female_mid_073_regress.hdf5
7006.9886	10	female_high	8	70069886	33	1	2	female_high/female_high_033_regress.hdf5
7017.0582	10	male_low	3	70170582	72	1	2	male_low/male_low_072_regress.hdf5
7027.1278	10	male_high	5	70271278	16	1	2	male_high/male_high_016_regress.hdf5
7037.1974	10	female_high	8	70371974	55	1	2	female_high/female_high_055_regress.hdf5
7047.267	10	male_mid	4	70472670	24	1	2	male_mid/male_mid_024_regress.hdf5
7057.3366	10	female_mid	7	70573366	95	1	2	female_mid/female_mid_095_regress.hdf5
7067.3848	10	male_low	3	70673848	89	1	2	male_low/male_low_089_regress.hdf5
7077.4544	10	female_low	6	70774544	79	1	2	female_low/female_low_079_regress.hdf5
7087.524	10	male_mid	4	70875240	34	1	2	male_mid/male_mid_034_regress.hdf5
7097.5936	10	male_high	5	70975936	74	1	2	male_high/male_high_074_regress.hdf5
7107.6632	10	female_mid	7	71076632	62	1	2	female_mid/female_mid_062_regress.hdf5
7117.7327	10	female_low	6	71177327	67	1	2	female_low/female_low_067_regress.hdf5
7127.8023	10	male_low	3	71278023	104	1	2	male_low/male_low_104_regress.hdf5
7137.8719	10	female_high	8	71378719	75	1	2	female_high/female_high_075_regress.hdf5
7147.9415	10	female_low	6	71479415	106	1	2	female_low/female_low_106_regress.hdf5
7158.0111	10	male_low	3	71580111	81	1	2	male_low/male_low_081_regress.hdf5
7168.0807	10	male_high	5	71680807	77	1	2	male_high/male_high_077_regress.hdf5
7178.1503	10	female_mid	7	71781503	19	1	2	female_mid/female_mid_019_regress.hdf5
7188.2198	10	female_high	8	71882198	24	1	2	female_high/female_high_024_regress.hdf5
7198.2894	10	male_mid	4	71982894	109	1	2	male_mid/male_mid_109_regress.hdf5
7208.359	10	female_high	8	72083590	11	1	2	female_high/female_high_011_regress.hdf5
7218.4286	10	male_high	5	72184286	87	1	2	male_high/male_high_087_regress.hdf5
7228.4982	10	male_low	3	72284982	44	1	2	male_low/male_low_044_regress.hdf5
7238.5678	10	female_mid	7	72385678	77	1	2	female_mid/female_mid_077_regress.hdf5
7248.6374	10	male_mid	4	72486374	19	1	2	male_mid/male_mid_019_regress.hdf5
7258.7069	10	female_low	6	72587069	112	1	2	female_low/female_low_112_regress.hdf5
7331.8394	10	male_mid	4	73318394	2	1	2	male_mid/male_mid_002_regress.hdf5
7341.909	10	female_high	8	73419090	63	1	2	female_high/female_high_063_regress.hdf5
7351.9786	10	male_high	5	73519786	42	1	2	male_high/male_high_042_regress.hdf5
7362.0482	10	female_low	6	73620482	4	1	2	female_low/female_low_004_regress.hdf5
7372.1178	10	male_low	3	73721178	2	1	2	male_low/male_low_002_regress.hdf5
7382.1874	10	female_mid	7	73821874	26	1	2	female_mid/female_mid_026_regress.hdf5
7392.2569	10	male_high	5	73922569	116	1	2	male_high/male_high_116_regress.hdf5
7402.3265	10	female_mid	7	74023265	80	1	2	female_mid/female_mid_080_regress.hdf5
7412.3961	10	female_low	6	74123961	101	1	2	female_low/female_low_101_regress.hdf5
7422.4657	10	male_low	3	74224657	54	1	2	male_low/male_low_054_regress.hdf5
7432.5566	10	male_mid	4	74325566	68	1	2	male_mid/male_mid_068_regress.hdf5
7442.6049	10	female_high	8	74426049	32	1	2	female_high/female_high_032_regress.hdf5
7452.6745	10	male_high	5	74526745	36	1	2	male_high/male_high_036_regress.hdf5
7462.744	10	male_low	3	74627440	31	1	2	male_low/male_low_031_regress.hdf5
7472.835	10	female_high	8	74728350	67	1	2	female_high/female_high_067_regress.hdf5
7482.9045	10	male_mid	4	74829045	42	1	2	male_mid/male_mid_042_regress.hdf5
7492.9741	10	female_low	6	74929741	23	1	2	female_low/female_low_023_regress.hdf5
7503.0437	10	female_mid	7	75030437	71	1	2	female_mid/female_mid_071_regress.hdf5
7513.1133	10	female_high	8	75131133	94	1	2	female_high/female_high_094_regress.hdf5
7523.1829	10	male_high	5	75231829	72	1	2	male_high/male_high_072_regress.hdf5
7533.2525	10	female_mid	7	75332525	83	1	2	female_mid/female_mid_083_regress.hdf5
7543.322	10	male_mid	4	75433220	79	1	2	male_mid/male_mid_079_regress.hdf5
7553.3916	10	female_low	6	75533916	92	1	2	female_low/female_low_092_regress.hdf5
7563.4826	10	male_low	3	75634826	106	1	2	male_low/male_low_106_regress.hdf5
7573.5308	10	female_high	8	75735308	13	1	2	female_high/female_high_013_regress.hdf5
7583.6004	10	male_high	5	75836004	40	1	2	male_high/male_high_040_regress.hdf5
7593.67	10	male_mid	4	75936700	46	1	2	male_mid/male_mid_046_regress.hdf5
7603.7396	10	female_low	6	76037396	90	1	2	female_low/female_low_090_regress.hdf5
7613.8305	10	male_low	3	76138305	27	1	2	male_low/male_low_027_regress.hdf5
7623.9001	10	female_mid	7	76239001	17	1	2	female_mid/female_mid_017_regress.hdf5
7633.9696	10	male_high	5	76339696	39	1	2	male_high/male_high_039_regress.hdf5
7644.0392	10	male_mid	4	76440392	102	1	2	male_mid/male_mid_102_regress.hdf5
7654.0875	10	female_high	8	76540875	118	1	2	female_high/female_high_118_regress.hdf5
7664.1571	10	female_mid	7	76641571	4	1	2	female_mid/female_mid_004_regress.hdf5
7674.2267	10	female_low	6	76742267	13	1	2	female_low/female_low_013_regress.hdf5
7684.2962	10	male_low	3	76842962	18	1	2	male_low/male_low_018_regress.hdf5
7694.3658	10	male_low	3	76943658	12	1	2	male_low/male_low_012_regress.hdf5
7704.4354	10	female_low	6	77044354	97	1	2	female_low/female_low_097_regress.hdf5
7714.505	10	female_high	8	77145050	119	1	2	female_high/female_high_119_regress.hdf5
7724.5746	10	female_mid	7	77245746	6	1	2	female_mid/female_mid_006_regress.hdf5
7734.6228	10	male_mid	4	77346228	49	1	2	male_mid/male_mid_049_regress.hdf5
7744.7137	10	male_high	5	77447137	92	1	2	male_high/male_high_092_regress.hdf5
7754.7833	10	male_low	3	77547833	99	1	2	male_low/male_low_099_regress.hdf5
7764.8529	10	male_mid	4	77648529	71	1	2	male_mid/male_mid_071_regress.hdf5
7774.9225	10	female_high	8	77749225	82	1	2	female_high/female_high_082_regress.hdf5
7784.9921	10	female_low	6	77849921	14	1	2	female_low/female_low_014_regress.hdf5
7795.0617	10	male_high	5	77950617	56	1	2	male_high/male_high_056_regress.hdf5
7805.1313	10	female_mid	7	78051313	33	1	2	female_mid/female_mid_033_regress.hdf5
7815.2008	10	male_high	5	78152008	44	1	2	male_high/male_high_044_regress.hdf5
7825.2704	10	male_low	3	78252704	52	1	2	male_low/male_low_052_regress.hdf5
7835.34	10	female_low	6	78353400	84	1	2	female_low/female_low_084_regress.hdf5
7845.4096	10	female_high	8	78454096	101	1	2	female_high/female_high_101_regress.hdf5
7855.5005	10	female_mid	7	78555005	28	1	2	female_mid/female_mid_028_regress.hdf5
7865.5701	10	male_mid	4	78655701	9	1	2	male_mid/male_mid_009_regress.hdf5
7875.6397	10	female_mid	7	78756397	46	1	2	female_mid/female_mid_046_regress.hdf5
7885.7093	10	male_mid	4	78857093	5	1	2	male_mid/male_mid_005_regress.hdf5
7895.7789	10	female_high	8	78957789	12	1	2	female_high/female_high_012_regress.hdf5
7905.8484	10	female_low	6	79058484	8	1	2	female_low/female_low_008_regress.hdf5
7915.918	10	male_low	3	79159180	60	1	2	male_low/male_low_060_regress.hdf5
7925.9876	10	male_high	5	79259876	101	1	2	male_high/male_high_101_regress.hdf5
7936.0572	10	female_mid	7	79360572	103	1	2	female_mid/female_mid_103_regress.hdf5
7946.1268	10	male_high	5	79461268	50	1	2	male_high/male_high_050_regress.hdf5
7956.1964	10	male_low	3	79561964	84	1	2	male_low/male_low_084_regress.hdf5
7966.2659	10	female_high	8	79662659	100	1	2	female_high/female_high_100_regress.hdf5
7976.3569	10	female_low	6	79763569	17	1	2	female_low/female_low_017_regress.hdf5
7986.4265	10	male_mid	4	79864265	4	1	2	male_mid/male_mid_004_regress.hdf5
7996.496	10	female_high	8	79964960	50	1	2	female_high/female_high_050_regress.hdf5
8006.5656	10	female_low	6	80065656	108	1	2	female_low/female_low_108_regress.hdf5
8016.6352	10	male_low	3	80166352	71	1	2	male_low/male_low_071_regress.hdf5
8026.7048	10	female_mid	7	80267048	58	1	2	female_mid/female_mid_058_regress.hdf5
8036.7744	10	male_mid	4	80367744	84	1	2	male_mid/male_mid_084_regress.hdf5
8046.844	10	male_high	5	80468440	114	1	2	male_high/male_high_114_regress.hdf5
8056.9135	10	female_mid	7	80569135	0	1	2	female_mid/female_mid_000_regress.hdf5
8066.9618	10	female_low	6	80669618	30	1	2	female_low/female_low_030_regress.hdf5
8077.0314	10	male_mid	4	80770314	59	1	2	male_mid/male_mid_059_regress.hdf5
8087.1223	10	male_low	3	80871223	107	1	2	male_low/male_low_107_regress.hdf5
8097.1919	10	male_high	5	80971919	48	1	2	male_high/male_high_048_regress.hdf5
8107.2615	10	female_high	8	81072615	44	1	2	female_high/female_high_044_regress.hdf5
8117.3311	10	female_low	6	81173311	95	1	2	female_low/female_low_095_regress.hdf5
8127.4006	10	male_mid	4	81274006	67	1	2	male_mid/male_mid_067_regress.hdf5
8137.4916	10	female_mid	7	81374916	91	1	2	female_mid/female_mid_091_regress.hdf5
8147.5611	10	male_low	3	81475611	101	1	2	male_low/male_low_101_regress.hdf5
8157.6307	10	female_high	8	81576307	14	1	2	female_high/female_high_014_regress.hdf5
8167.7003	10	male_high	5	81677003	70	1	2	male_high/male_high_070_regress.hdf5
8177.7699	10	male_high	5	81777699	2	1	2	male_high/male_high_002_regress.hdf5
8187.8395	10	female_mid	7	81878395	15	1	2	female_mid/female_mid_015_regress.hdf5
8197.9304	10	female_low	6	81979304	57	1	2	female_low/female_low_057_regress.hdf5
8208.0	10	male_low	3	82080000	100	1	2	male_low/male_low_100_regress.hdf5
8218.0696	10	male_mid	4	82180696	91	1	2	male_mid/male_mid_091_regress.hdf5
8228.1392	10	female_high	8	82281392	109	1	2	female_high/female_high_109_regress.hdf5
8238.2087	10	female_low	6	82382087	2	1	2	female_low/female_low_002_regress.hdf5
8248.2783	10	male_high	5	82482783	35	1	2	male_high/male_high_035_regress.hdf5
8258.3479	10	female_high	8	82583479	6	1	2	female_high/female_high_006_regress.hdf5
8268.4175	10	female_mid	7	82684175	87	1	2	female_mid/female_mid_087_regress.hdf5
8278.4871	10	male_mid	4	82784871	97	1	2	male_mid/male_mid_097_regress.hdf5
8288.578	10	male_low	3	82885780	40	1	2	male_low/male_low_040_regress.hdf5
8298.6476	10	male_mid	4	82986476	45	1	2	male_mid/male_mid_045_regress.hdf5
8308.7172	10	female_low	6	83087172	46	1	2	female_low/female_low_046_regress.hdf5
8318.7867	10	female_mid	7	83187867	78	1	2	female_mid/female_mid_078_regress.hdf5
8328.8563	10	male_high	5	83288563	110	1	2	male_high/male_high_110_regress.hdf5
8338.9259	10	male_low	3	83389259	16	1	2	male_low/male_low_016_regress.hdf5
8348.9955	10	female_high	8	83489955	72	1	2	female_high/female_high_072_regress.hdf5
8359.0864	10	female_mid	7	83590864	45	1	2	female_mid/female_mid_045_regress.hdf5
8369.156	10	female_low	6	83691560	51	1	2	female_low/female_low_051_regress.hdf5
8379.2256	10	male_low	3	83792256	119	1	2	male_low/male_low_119_regress.hdf5
8389.2952	10	male_mid	4	83892952	20	1	2	male_mid/male_mid_020_regress.hdf5
8399.3648	10	male_high	5	83993648	46	1	2	male_high/male_high_046_regress.hdf5
8409.4343	10	female_high	8	84094343	96	1	2	female_high/female_high_096_regress.hdf5
